_id,year_-_month,product_type,unpackaged_production_units,unpackaged_inventory_units,packaged_production_units,packaged_inventory_units_-_federal_licence_holders,packaged_inventory_units_-_provincial_distributors_and_retailer,sales_units_-_medical,sales_units_-_non-medical,unpackaged_production_kilograms,unpackaged_inventory_kilograms,packaged_production_kilograms,packaged_inventory_kilograms_-_federal_licence_holders,packaged_inventory_kilograms_-_provincial_distributors_and_reta,sales_kilograms_-_medical,sales_kilograms_-_non-medical
1,2019-10 ,cannabis extracts / extraits de cannabis,n/a / n/d,n/a / n/d,732388,5630075,1820111,167357,320201,n/a / n/d,n/a / n/d,n/a / n/d,n/a / n/d,n/a / n/d,n/a / n/d,n/a / n/d
2,2019-11 ,cannabis extracts / extraits de cannabis,n/a / n/d,n/a / n/d,430658,5595722,1676016,182506,328908,n/a / n/d,n/a / n/d,n/a / n/d,n/a / n/d,n/a / n/d,n/a / n/d,n/a / n/d
3,2019-12 ,cannabis extracts / extraits de cannabis,n/a / n/d,n/a / n/d,1245160,5882326,1776396,195560,400707,n/a / n/d,n/a / n/d,n/a / n/d,n/a / n/d,n/a / n/d,n/a / n/d,n/a / n/d
4,2020-01 ,cannabis extracts / extraits de cannabis,n/a / n/d,n/a / n/d,973120,6009120,1803543,201236,527978,n/a / n/d,n/a / n/d,n/a / n/d,n/a / n/d,n/a / n/d,n/a / n/d,n/a / n/d
5,2020-02 ,cannabis extracts / extraits de cannabis,n/a / n/d,n/a / n/d,1127995,5877090,2023192,187945,599407,n/a / n/d,n/a / n/d,n/a / n/d,n/a / n/d,n/a / n/d,n/a / n/d,n/a / n/d
6,2020-03 ,cannabis extracts / extraits de cannabis,n/a / n/d,n/a / n/d,1568246,6261853,2261735,246229,791435,n/a / n/d,n/a / n/d,n/a / n/d,n/a / n/d,n/a / n/d,n/a / n/d,n/a / n/d
7,2020-04 ,cannabis extracts / extraits de cannabis,n/a / n/d,n/a / n/d,2088349,6931819,2430559,218831,813972,n/a / n/d,n/a / n/d,n/a / n/d,n/a / n/d,n/a / n/d,n/a / n/d,n/a / n/d
8,2020-05 ,cannabis extracts / extraits de cannabis,n/a / n/d,n/a / n/d,1574352,6989660,2290549,210662,844430,n/a / n/d,n/a / n/d,n/a / n/d,n/a / n/d,n/a / n/d,n/a / n/d,n/a / n/d
9,2020-06 ,cannabis extracts / extraits de cannabis,n/a / n/d,n/a / n/d,1795493,7007428,2732289,225437,934089,n/a / n/d,n/a / n/d,n/a / n/d,n/a / n/d,n/a / n/d,n/a / n/d,n/a / n/d
10,2020-07 ,cannabis extracts / extraits de cannabis,n/a / n/d,n/a / n/d,1453461,7172408,2643443,275208,1077533,n/a / n/d,n/a / n/d,n/a / n/d,n/a / n/d,n/a / n/d,n/a / n/d,n/a / n/d
11,2020-08 ,cannabis extracts / extraits de cannabis,n/a / n/d,n/a / n/d,1590358,7527769,2546740,221216,1113893,n/a / n/d,n/a / n/d,n/a / n/d,n/a / n/d,n/a / n/d,n/a / n/d,n/a / n/d
12,2020-09 ,cannabis extracts / extraits de cannabis,n/a / n/d,n/a / n/d,2047877,7223727,2669922,213133,1205835,n/a / n/d,n/a / n/d,n/a / n/d,n/a / n/d,n/a / n/d,n/a / n/d,n/a / n/d
13,2020-10 ,cannabis extracts / extraits de cannabis,n/a / n/d,n/a / n/d,2341292,6639169,3173206,223025,1328769,n/a / n/d,n/a / n/d,n/a / n/d,n/a / n/d,n/a / n/d,n/a / n/d,n/a / n/d
14,2020-11 ,cannabis extracts / extraits de cannabis,n/a / n/d,n/a / n/d,3106745,6851201,3588152,238509,1247529,n/a / n/d,n/a / n/d,n/a / n/d,n/a / n/d,n/a / n/d,n/a / n/d,n/a / n/d
15,2020-12 ,cannabis extracts / extraits de cannabis,n/a / n/d,n/a / n/d,3170824,6976415,4570817,240110,1556731,n/a / n/d,n/a / n/d,n/a / n/d,n/a / n/d,n/a / n/d,n/a / n/d,n/a / n/d
16,2021-01 ,cannabis extracts / extraits de cannabis,n/a / n/d,n/a / n/d,2718205,7482912,4597434,231413,1615524,n/a / n/d,n/a / n/d,n/a / n/d,n/a / n/d,n/a / n/d,n/a / n/d,n/a / n/d
17,2021-02 ,cannabis extracts / extraits de cannabis,n/a / n/d,n/a / n/d,2234116,7884432,4459299,218584,1480795,n/a / n/d,n/a / n/d,n/a / n/d,n/a / n/d,n/a / n/d,n/a / n/d,n/a / n/d
18,2021-03 ,cannabis extracts / extraits de cannabis,n/a / n/d,n/a / n/d,2821170,8387247,4426691,263883,1692092,n/a / n/d,n/a / n/d,n/a / n/d,n/a / n/d,n/a / n/d,n/a / n/d,n/a / n/d
19,2021-04 ,cannabis extracts / extraits de cannabis,n/a / n/d,n/a / n/d,2341491,8359739,4457567,236798,1707568,n/a / n/d,n/a / n/d,n/a / n/d,n/a / n/d,n/a / n/d,n/a / n/d,n/a / n/d
20,2021-05 ,cannabis extracts / extraits de cannabis,n/a / n/d,n/a / n/d,2521420,8387071,4459707,238069,1723612,n/a / n/d,n/a / n/d,n/a / n/d,n/a / n/d,n/a / n/d,n/a / n/d,n/a / n/d
21,2021-06 ,cannabis extracts / extraits de cannabis,n/a / n/d,n/a / n/d,2536983,8150846,4848691,235365,1793926,n/a / n/d,n/a / n/d,n/a / n/d,n/a / n/d,n/a / n/d,n/a / n/d,n/a / n/d
22,2021-07 ,cannabis extracts / extraits de cannabis,n/a / n/d,n/a / n/d,2411038,8077926,4831087,228859,1983410,n/a / n/d,n/a / n/d,n/a / n/d,n/a / n/d,n/a / n/d,n/a / n/d,n/a / n/d
23,2021-08 ,cannabis extracts / extraits de cannabis,n/a / n/d,n/a / n/d,2363834,7957514,4717177,262382,2133497,n/a / n/d,n/a / n/d,n/a / n/d,n/a / n/d,n/a / n/d,n/a / n/d,n/a / n/d
24,2021-09 ,cannabis extracts / extraits de cannabis,n/a / n/d,n/a / n/d,2807272,8146436,4723423,250988,2165514,n/a / n/d,n/a / n/d,n/a / n/d,n/a / n/d,n/a / n/d,n/a / n/d,n/a / n/d
25,2021-10 ,cannabis extracts / extraits de cannabis,n/a / n/d,n/a / n/d,2891635,8344108,4824926,215021,2291770,n/a / n/d,n/a / n/d,n/a / n/d,n/a / n/d,n/a / n/d,n/a / n/d,n/a / n/d
26,2021-11 ,cannabis extracts / extraits de cannabis,n/a / n/d,n/a / n/d,3719242,8921729,5117633,253392,2230254,n/a / n/d,n/a / n/d,n/a / n/d,n/a / n/d,n/a / n/d,n/a / n/d,n/a / n/d
27,2021-12 ,cannabis extracts / extraits de cannabis,n/a / n/d,n/a / n/d,2946046,8422254,5489387,253009,2621361,n/a / n/d,n/a / n/d,n/a / n/d,n/a / n/d,n/a / n/d,n/a / n/d,n/a / n/d
28,2022-01 ,cannabis extracts / extraits de cannabis,n/a / n/d,n/a / n/d,3418710,8669829,5582708,245246,2567891,n/a / n/d,n/a / n/d,n/a / n/d,n/a / n/d,n/a / n/d,n/a / n/d,n/a / n/d
29,2022-02 ,cannabis extracts / extraits de cannabis,n/a / n/d,n/a / n/d,3218244,8927481,5604759,251269,2442750,n/a / n/d,n/a / n/d,n/a / n/d,n/a / n/d,n/a / n/d,n/a / n/d,n/a / n/d
30,2022-03 ,cannabis extracts / extraits de cannabis,n/a / n/d,n/a / n/d,3242933,8805712,5679786,252786,2774329,n/a / n/d,n/a / n/d,n/a / n/d,n/a / n/d,n/a / n/d,n/a / n/d,n/a / n/d
31,2022-04 ,cannabis extracts / extraits de cannabis,n/a / n/d,n/a / n/d,"3,879,096","9,834,633","5,669,815","233,259","2,885,436",n/a / n/d,n/a / n/d,n/a / n/d,n/a / n/d,n/a / n/d,n/a / n/d,n/a / n/d
32,2022-05 ,cannabis extracts / extraits de cannabis,n/a / n/d,n/a / n/d,"4,116,496","10,161,947","6,145,851","240,844","2,876,505",n/a / n/d,n/a / n/d,n/a / n/d,n/a / n/d,n/a / n/d,n/a / n/d,n/a / n/d
33,2022-06 ,cannabis extracts / extraits de cannabis,n/a / n/d,n/a / n/d,"4,713,246","10,695,876","6,690,370","240,012","3,056,316",n/a / n/d,n/a / n/d,n/a / n/d,n/a / n/d,n/a / n/d,n/a / n/d,n/a / n/d
34,2022-07 ,cannabis extracts / extraits de cannabis,n/a / n/d,n/a / n/d,"4,132,412","10,287,053","6,295,446","222,367","3,265,371",n/a / n/d,n/a / n/d,n/a / n/d,n/a / n/d,n/a / n/d,n/a / n/d,n/a / n/d
35,2022-08 ,cannabis extracts / extraits de cannabis,n/a / n/d,n/a / n/d,"4,183,514","9,253,771","6,768,848","233,803","3,284,090",n/a / n/d,n/a / n/d,n/a / n/d,n/a / n/d,n/a / n/d,n/a / n/d,n/a / n/d
36,2022-09 ,cannabis extracts / extraits de cannabis,n/a / n/d,n/a / n/d,"4,310,801","8,558,490","6,991,639","231,044","3,378,503",n/a / n/d,n/a / n/d,n/a / n/d,n/a / n/d,n/a / n/d,n/a / n/d,n/a / n/d
37,2022-10 ,cannabis extracts / extraits de cannabis,n/a / n/d,n/a / n/d,"5,158,274","8,891,529","7,372,674","237,898","3,594,056",n/a / n/d,n/a / n/d,n/a / n/d,n/a / n/d,n/a / n/d,n/a / n/d,n/a / n/d
38,2022-11 ,cannabis extracts / extraits de cannabis,n/a / n/d,n/a / n/d,"5,509,675","9,363,351","8,462,521","280,379","3,563,117",n/a / n/d,n/a / n/d,n/a / n/d,n/a / n/d,n/a / n/d,n/a / n/d,n/a / n/d
39,2022-12 ,cannabis extracts / extraits de cannabis,n/a / n/d,n/a / n/d,"4,482,672","8,986,217","8,139,183","248,959","4,273,642",n/a / n/d,n/a / n/d,n/a / n/d,n/a / n/d,n/a / n/d,n/a / n/d,n/a / n/d
40,2023-01 ,cannabis extracts / extraits de cannabis,n/a / n/d,n/a / n/d,"5,322,606","9,261,350","8,445,739","246,873","4,061,989",n/a / n/d,n/a / n/d,n/a / n/d,n/a / n/d,n/a / n/d,n/a / n/d,n/a / n/d
41,2023-02 ,cannabis extracts / extraits de cannabis,n/a / n/d,n/a / n/d,"4,878,194","9,045,930","8,993,159","214,957","3,778,486",n/a / n/d,n/a / n/d,n/a / n/d,n/a / n/d,n/a / n/d,n/a / n/d,n/a / n/d
42,2023-03 ,cannabis extracts / extraits de cannabis,n/a / n/d,n/a / n/d,"5,745,362","9,476,006","9,460,761","313,007","4,333,040",n/a / n/d,n/a / n/d,n/a / n/d,n/a / n/d,n/a / n/d,n/a / n/d,n/a / n/d
43,2023-04 ,cannabis extracts / extraits de cannabis,n/a / n/d,n/a / n/d,"5,124,511","8,634,371",9262759,"227,215","4,377,358",n/a / n/d,n/a / n/d,n/a / n/d,n/a / n/d,n/a / n/d,n/a / n/d,n/a / n/d
44,2023-05 ,cannabis extracts / extraits de cannabis,n/a / n/d,n/a / n/d,"5,479,027","8,429,127",9652623,"321,976","4,506,658",n/a / n/d,n/a / n/d,n/a / n/d,n/a / n/d,n/a / n/d,n/a / n/d,n/a / n/d
45,2023-06 ,cannabis extracts / extraits de cannabis,n/a / n/d,n/a / n/d,"5,603,531","8,506,914",9660706,238030,4669289,n/a / n/d,n/a / n/d,n/a / n/d,n/a / n/d,n/a / n/d,n/a / n/d,n/a / n/d
46,2019-10 ,cannabis seeds / graines de cannabis,n/a / n/d,n/a / n/d,3,4225,10373,68,677,n/a / n/d,n/a / n/d,n/a / n/d,n/a / n/d,n/a / n/d,n/a / n/d,n/a / n/d
47,2019-11 ,cannabis seeds / graines de cannabis,n/a / n/d,n/a / n/d,275,4208,9656,19,559,n/a / n/d,n/a / n/d,n/a / n/d,n/a / n/d,n/a / n/d,n/a / n/d,n/a / n/d
48,2019-12 ,cannabis seeds / graines de cannabis,n/a / n/d,n/a / n/d,586,4762,8864,20,689,n/a / n/d,n/a / n/d,n/a / n/d,n/a / n/d,n/a / n/d,n/a / n/d,n/a / n/d
49,2020-01 ,cannabis seeds / graines de cannabis,n/a / n/d,n/a / n/d,5,4737,8322,30,533,n/a / n/d,n/a / n/d,n/a / n/d,n/a / n/d,n/a / n/d,n/a / n/d,n/a / n/d
50,2020-02 ,cannabis seeds / graines de cannabis,n/a / n/d,n/a / n/d,883,5742,7695,47,623,n/a / n/d,n/a / n/d,n/a / n/d,n/a / n/d,n/a / n/d,n/a / n/d,n/a / n/d
51,2020-03 ,cannabis seeds / graines de cannabis,n/a / n/d,n/a / n/d,1,4779,6973,73,1469,n/a / n/d,n/a / n/d,n/a / n/d,n/a / n/d,n/a / n/d,n/a / n/d,n/a / n/d
52,2020-04 ,cannabis seeds / graines de cannabis,n/a / n/d,n/a / n/d,1275,9171,5552,62,1798,n/a / n/d,n/a / n/d,n/a / n/d,n/a / n/d,n/a / n/d,n/a / n/d,n/a / n/d
53,2020-05 ,cannabis seeds / graines de cannabis,n/a / n/d,n/a / n/d,51504,73073,17469,43,4397,n/a / n/d,n/a / n/d,n/a / n/d,n/a / n/d,n/a / n/d,n/a / n/d,n/a / n/d
54,2020-06 ,cannabis seeds / graines de cannabis,n/a / n/d,n/a / n/d,32760,53082,35230,15,4275,n/a / n/d,n/a / n/d,n/a / n/d,n/a / n/d,n/a / n/d,n/a / n/d,n/a / n/d
55,2020-07 ,cannabis seeds / graines de cannabis,n/a / n/d,n/a / n/d,14409,52369,45559,23,3003,n/a / n/d,n/a / n/d,n/a / n/d,n/a / n/d,n/a / n/d,n/a / n/d,n/a / n/d
56,2020-08 ,cannabis seeds / graines de cannabis,n/a / n/d,n/a / n/d,0,48517,45711,21,2186,n/a / n/d,n/a / n/d,n/a / n/d,n/a / n/d,n/a / n/d,n/a / n/d,n/a / n/d
57,2020-09 ,cannabis seeds / graines de cannabis,n/a / n/d,n/a / n/d,7569,48566,51444,20,2200,n/a / n/d,n/a / n/d,n/a / n/d,n/a / n/d,n/a / n/d,n/a / n/d,n/a / n/d
58,2020-10 ,cannabis seeds / graines de cannabis,n/a / n/d,n/a / n/d,7232,57791,46566,22,2593,n/a / n/d,n/a / n/d,n/a / n/d,n/a / n/d,n/a / n/d,n/a / n/d,n/a / n/d
59,2020-11 ,cannabis seeds / graines de cannabis,n/a / n/d,n/a / n/d,1383,52625,48082,27,1947,n/a / n/d,n/a / n/d,n/a / n/d,n/a / n/d,n/a / n/d,n/a / n/d,n/a / n/d
60,2020-12 ,cannabis seeds / graines de cannabis,n/a / n/d,n/a / n/d,1543,50536,49669,40,2589,n/a / n/d,n/a / n/d,n/a / n/d,n/a / n/d,n/a / n/d,n/a / n/d,n/a / n/d
61,2021-01 ,cannabis seeds / graines de cannabis,n/a / n/d,n/a / n/d,11608,55712,51230,17,3246,n/a / n/d,n/a / n/d,n/a / n/d,n/a / n/d,n/a / n/d,n/a / n/d,n/a / n/d
62,2021-02 ,cannabis seeds / graines de cannabis,n/a / n/d,n/a / n/d,18668,68621,51510,11,3857,n/a / n/d,n/a / n/d,n/a / n/d,n/a / n/d,n/a / n/d,n/a / n/d,n/a / n/d
63,2021-03 ,cannabis seeds / graines de cannabis,n/a / n/d,n/a / n/d,32155,72309,59019,84,8548,n/a / n/d,n/a / n/d,n/a / n/d,n/a / n/d,n/a / n/d,n/a / n/d,n/a / n/d
64,2021-04 ,cannabis seeds / graines de cannabis,n/a / n/d,n/a / n/d,24696,66858,77604,66,11597,n/a / n/d,n/a / n/d,n/a / n/d,n/a / n/d,n/a / n/d,n/a / n/d,n/a / n/d
65,2021-05 ,cannabis seeds / graines de cannabis,n/a / n/d,n/a / n/d,12705,56426,86578,37,9754,n/a / n/d,n/a / n/d,n/a / n/d,n/a / n/d,n/a / n/d,n/a / n/d,n/a / n/d
66,2021-06 ,cannabis seeds / graines de cannabis,n/a / n/d,n/a / n/d,9900,54043,88863,32,5418,n/a / n/d,n/a / n/d,n/a / n/d,n/a / n/d,n/a / n/d,n/a / n/d,n/a / n/d
67,2021-07 ,cannabis seeds / graines de cannabis,n/a / n/d,n/a / n/d,60,57474,79293,10,3144,n/a / n/d,n/a / n/d,n/a / n/d,n/a / n/d,n/a / n/d,n/a / n/d,n/a / n/d
68,2021-08 ,cannabis seeds / graines de cannabis,n/a / n/d,n/a / n/d,1314,31714,75137,40,2654,n/a / n/d,n/a / n/d,n/a / n/d,n/a / n/d,n/a / n/d,n/a / n/d,n/a / n/d
69,2021-09 ,cannabis seeds / graines de cannabis,n/a / n/d,n/a / n/d,1230,30150,69124,34,2910,n/a / n/d,n/a / n/d,n/a / n/d,n/a / n/d,n/a / n/d,n/a / n/d,n/a / n/d
70,2021-10 ,cannabis seeds / graines de cannabis,n/a / n/d,n/a / n/d,10,29964,67588,16,3021,n/a / n/d,n/a / n/d,n/a / n/d,n/a / n/d,n/a / n/d,n/a / n/d,n/a / n/d
71,2021-11 ,cannabis seeds / graines de cannabis,n/a / n/d,n/a / n/d,2357,32155,63806,35,2604,n/a / n/d,n/a / n/d,n/a / n/d,n/a / n/d,n/a / n/d,n/a / n/d,n/a / n/d
72,2021-12 ,cannabis seeds / graines de cannabis,n/a / n/d,n/a / n/d,10040,41132,61159,38,4261,n/a / n/d,n/a / n/d,n/a / n/d,n/a / n/d,n/a / n/d,n/a / n/d,n/a / n/d
73,2022-01 ,cannabis seeds / graines de cannabis,n/a / n/d,n/a / n/d,17969,29958,85184,22,9729,n/a / n/d,n/a / n/d,n/a / n/d,n/a / n/d,n/a / n/d,n/a / n/d,n/a / n/d
74,2022-02 ,cannabis seeds / graines de cannabis,n/a / n/d,n/a / n/d,10169,33774,69691,16,5210,n/a / n/d,n/a / n/d,n/a / n/d,n/a / n/d,n/a / n/d,n/a / n/d,n/a / n/d
75,2022-03 ,cannabis seeds / graines de cannabis,n/a / n/d,n/a / n/d,36084,39195,77318,2,10352,n/a / n/d,n/a / n/d,n/a / n/d,n/a / n/d,n/a / n/d,n/a / n/d,n/a / n/d
76,2022-04 ,cannabis seeds / graines de cannabis,n/a / n/d,n/a / n/d,"5,563","34,731","80,894",2,"14,459",n/a / n/d,n/a / n/d,n/a / n/d,n/a / n/d,n/a / n/d,n/a / n/d,n/a / n/d
77,2022-05 ,cannabis seeds / graines de cannabis,n/a / n/d,n/a / n/d,"7,437","36,774","70,233",0,"12,249",n/a / n/d,n/a / n/d,n/a / n/d,n/a / n/d,n/a / n/d,n/a / n/d,n/a / n/d
78,2022-06 ,cannabis seeds / graines de cannabis,n/a / n/d,n/a / n/d,"2,309","37,306","69,051",0,"6,274",n/a / n/d,n/a / n/d,n/a / n/d,n/a / n/d,n/a / n/d,n/a / n/d,n/a / n/d
79,2022-07 ,cannabis seeds / graines de cannabis,n/a / n/d,n/a / n/d,48,"36,952","62,187",0,"3,521",n/a / n/d,n/a / n/d,n/a / n/d,n/a / n/d,n/a / n/d,n/a / n/d,n/a / n/d
80,2022-08 ,cannabis seeds / graines de cannabis,n/a / n/d,n/a / n/d,684,"36,290","66,883",2,"3,421",n/a / n/d,n/a / n/d,n/a / n/d,n/a / n/d,n/a / n/d,n/a / n/d,n/a / n/d
81,2022-09 ,cannabis seeds / graines de cannabis,n/a / n/d,n/a / n/d,60,"36,290","59,340",6,"3,120",n/a / n/d,n/a / n/d,n/a / n/d,n/a / n/d,n/a / n/d,n/a / n/d,n/a / n/d
82,2022-10 ,cannabis seeds / graines de cannabis,n/a / n/d,n/a / n/d,0,"40,582","56,910",0,"3,271",n/a / n/d,n/a / n/d,n/a / n/d,n/a / n/d,n/a / n/d,n/a / n/d,n/a / n/d
83,2022-11 ,cannabis seeds / graines de cannabis,n/a / n/d,n/a / n/d,445,"33,949","46,126",30,"2,688",n/a / n/d,n/a / n/d,n/a / n/d,n/a / n/d,n/a / n/d,n/a / n/d,n/a / n/d
84,2022-12 ,cannabis seeds / graines de cannabis,n/a / n/d,n/a / n/d,"9,897","42,722","42,431",0,"3,079",n/a / n/d,n/a / n/d,n/a / n/d,n/a / n/d,n/a / n/d,n/a / n/d,n/a / n/d
85,2023-01 ,cannabis seeds / graines de cannabis,n/a / n/d,n/a / n/d,"18,549","39,909","65,205",2,"3,975",n/a / n/d,n/a / n/d,n/a / n/d,n/a / n/d,n/a / n/d,n/a / n/d,n/a / n/d
86,2023-02 ,cannabis seeds / graines de cannabis,n/a / n/d,n/a / n/d,"12,090","39,327","71,742",20,"5,597",n/a / n/d,n/a / n/d,n/a / n/d,n/a / n/d,n/a / n/d,n/a / n/d,n/a / n/d
87,2023-03 ,cannabis seeds / graines de cannabis,n/a / n/d,n/a / n/d,"6,093","35,680","62,893",53,"11,610",n/a / n/d,n/a / n/d,n/a / n/d,n/a / n/d,n/a / n/d,n/a / n/d,n/a / n/d
88,2023-04 ,cannabis seeds / graines de cannabis,n/a / n/d,n/a / n/d,3397,"22,514","49,708",40,"14,744",n/a / n/d,n/a / n/d,n/a / n/d,n/a / n/d,n/a / n/d,n/a / n/d,n/a / n/d
89,2023-05 ,cannabis seeds / graines de cannabis,n/a / n/d,n/a / n/d,3417,"22,502","42,972",61,"10,667",n/a / n/d,n/a / n/d,n/a / n/d,n/a / n/d,n/a / n/d,n/a / n/d,n/a / n/d
90,2023-06 ,cannabis seeds / graines de cannabis,n/a / n/d,n/a / n/d,2482,"18,887","40,812",25,"5,527",n/a / n/d,n/a / n/d,n/a / n/d,n/a / n/d,n/a / n/d,n/a / n/d,n/a / n/d
91,2019-10 ,cannabis topicals / cannabis pour usage topique,n/a / n/d,n/a / n/d,0,187,0,0,0,n/a / n/d,n/a / n/d,n/a / n/d,n/a / n/d,n/a / n/d,n/a / n/d,n/a / n/d
92,2019-11 ,cannabis topicals / cannabis pour usage topique,n/a / n/d,n/a / n/d,0,10,1095,0,0,n/a / n/d,n/a / n/d,n/a / n/d,n/a / n/d,n/a / n/d,n/a / n/d,n/a / n/d
93,2019-12 ,cannabis topicals / cannabis pour usage topique,n/a / n/d,n/a / n/d,0,10,4670,6,328,n/a / n/d,n/a / n/d,n/a / n/d,n/a / n/d,n/a / n/d,n/a / n/d,n/a / n/d
94,2020-01 ,cannabis topicals / cannabis pour usage topique,n/a / n/d,n/a / n/d,0,10,4443,0,279,n/a / n/d,n/a / n/d,n/a / n/d,n/a / n/d,n/a / n/d,n/a / n/d,n/a / n/d
95,2020-02 ,cannabis topicals / cannabis pour usage topique,n/a / n/d,n/a / n/d,3170,3180,920,0,313,n/a / n/d,n/a / n/d,n/a / n/d,n/a / n/d,n/a / n/d,n/a / n/d,n/a / n/d
96,2020-03 ,cannabis topicals / cannabis pour usage topique,n/a / n/d,n/a / n/d,32458,23536,2798,0,202,n/a / n/d,n/a / n/d,n/a / n/d,n/a / n/d,n/a / n/d,n/a / n/d,n/a / n/d
97,2020-04 ,cannabis topicals / cannabis pour usage topique,n/a / n/d,n/a / n/d,11872,5341,31776,165,1736,n/a / n/d,n/a / n/d,n/a / n/d,n/a / n/d,n/a / n/d,n/a / n/d,n/a / n/d
98,2020-05 ,cannabis topicals / cannabis pour usage topique,n/a / n/d,n/a / n/d,45791,24402,24690,237,6068,n/a / n/d,n/a / n/d,n/a / n/d,n/a / n/d,n/a / n/d,n/a / n/d,n/a / n/d
99,2020-06 ,cannabis topicals / cannabis pour usage topique,n/a / n/d,n/a / n/d,28483,11924,50342,317,7874,n/a / n/d,n/a / n/d,n/a / n/d,n/a / n/d,n/a / n/d,n/a / n/d,n/a / n/d
100,2020-07 ,cannabis topicals / cannabis pour usage topique,n/a / n/d,n/a / n/d,44336,25242,56222,415,10030,n/a / n/d,n/a / n/d,n/a / n/d,n/a / n/d,n/a / n/d,n/a / n/d,n/a / n/d
101,2020-08 ,cannabis topicals / cannabis pour usage topique,n/a / n/d,n/a / n/d,27482,34489,54265,438,10940,n/a / n/d,n/a / n/d,n/a / n/d,n/a / n/d,n/a / n/d,n/a / n/d,n/a / n/d
102,2020-09 ,cannabis topicals / cannabis pour usage topique,n/a / n/d,n/a / n/d,35794,29107,69625,553,11003,n/a / n/d,n/a / n/d,n/a / n/d,n/a / n/d,n/a / n/d,n/a / n/d,n/a / n/d
103,2020-10 ,cannabis topicals / cannabis pour usage topique,n/a / n/d,n/a / n/d,24851,33457,64633,651,10984,n/a / n/d,n/a / n/d,n/a / n/d,n/a / n/d,n/a / n/d,n/a / n/d,n/a / n/d
104,2020-11 ,cannabis topicals / cannabis pour usage topique,n/a / n/d,n/a / n/d,45201,49006,64242,653,9287,n/a / n/d,n/a / n/d,n/a / n/d,n/a / n/d,n/a / n/d,n/a / n/d,n/a / n/d
105,2020-12 ,cannabis topicals / cannabis pour usage topique,n/a / n/d,n/a / n/d,51844,45875,77918,628,17273,n/a / n/d,n/a / n/d,n/a / n/d,n/a / n/d,n/a / n/d,n/a / n/d,n/a / n/d
106,2021-01 ,cannabis topicals / cannabis pour usage topique,n/a / n/d,n/a / n/d,63687,67189,73378,368,18590,n/a / n/d,n/a / n/d,n/a / n/d,n/a / n/d,n/a / n/d,n/a / n/d,n/a / n/d
107,2021-02 ,cannabis topicals / cannabis pour usage topique,n/a / n/d,n/a / n/d,85324,106190,79244,794,18854,n/a / n/d,n/a / n/d,n/a / n/d,n/a / n/d,n/a / n/d,n/a / n/d,n/a / n/d
108,2021-03 ,cannabis topicals / cannabis pour usage topique,n/a / n/d,n/a / n/d,150581,209113,113914,3318,23614,n/a / n/d,n/a / n/d,n/a / n/d,n/a / n/d,n/a / n/d,n/a / n/d,n/a / n/d
109,2021-04 ,cannabis topicals / cannabis pour usage topique,n/a / n/d,n/a / n/d,112543,234360,154500,4672,26041,n/a / n/d,n/a / n/d,n/a / n/d,n/a / n/d,n/a / n/d,n/a / n/d,n/a / n/d
110,2021-05 ,cannabis topicals / cannabis pour usage topique,n/a / n/d,n/a / n/d,119948,298963,145672,5332,28574,n/a / n/d,n/a / n/d,n/a / n/d,n/a / n/d,n/a / n/d,n/a / n/d,n/a / n/d
111,2021-06 ,cannabis topicals / cannabis pour usage topique,n/a / n/d,n/a / n/d,94318,207841,185937,4681,24019,n/a / n/d,n/a / n/d,n/a / n/d,n/a / n/d,n/a / n/d,n/a / n/d,n/a / n/d
112,2021-07 ,cannabis topicals / cannabis pour usage topique,n/a / n/d,n/a / n/d,80954,311305,202222,5600,28200,n/a / n/d,n/a / n/d,n/a / n/d,n/a / n/d,n/a / n/d,n/a / n/d,n/a / n/d
113,2021-08 ,cannabis topicals / cannabis pour usage topique,n/a / n/d,n/a / n/d,68466,317366,212817,6606,32215,n/a / n/d,n/a / n/d,n/a / n/d,n/a / n/d,n/a / n/d,n/a / n/d,n/a / n/d
114,2021-09 ,cannabis topicals / cannabis pour usage topique,n/a / n/d,n/a / n/d,73991,320494,209826,7380,32333,n/a / n/d,n/a / n/d,n/a / n/d,n/a / n/d,n/a / n/d,n/a / n/d,n/a / n/d
115,2021-10 ,cannabis topicals / cannabis pour usage topique,n/a / n/d,n/a / n/d,70069,338649,207924,9741,33352,n/a / n/d,n/a / n/d,n/a / n/d,n/a / n/d,n/a / n/d,n/a / n/d,n/a / n/d
116,2021-11 ,cannabis topicals / cannabis pour usage topique,n/a / n/d,n/a / n/d,101474,285696,253080,12869,33446,n/a / n/d,n/a / n/d,n/a / n/d,n/a / n/d,n/a / n/d,n/a / n/d,n/a / n/d
117,2021-12 ,cannabis topicals / cannabis pour usage topique,n/a / n/d,n/a / n/d,65880,272681,275470,13339,52663,n/a / n/d,n/a / n/d,n/a / n/d,n/a / n/d,n/a / n/d,n/a / n/d,n/a / n/d
118,2022-01 ,cannabis topicals / cannabis pour usage topique,n/a / n/d,n/a / n/d,78860,236373,286600,12431,33269,n/a / n/d,n/a / n/d,n/a / n/d,n/a / n/d,n/a / n/d,n/a / n/d,n/a / n/d
119,2022-02 ,cannabis topicals / cannabis pour usage topique,n/a / n/d,n/a / n/d,66854,238890,279772,11971,34036,n/a / n/d,n/a / n/d,n/a / n/d,n/a / n/d,n/a / n/d,n/a / n/d,n/a / n/d
120,2022-03 ,cannabis topicals / cannabis pour usage topique,n/a / n/d,n/a / n/d,96509,279209,273868,14795,35227,n/a / n/d,n/a / n/d,n/a / n/d,n/a / n/d,n/a / n/d,n/a / n/d,n/a / n/d
121,2022-04 ,cannabis topicals / cannabis pour usage topique,n/a / n/d,n/a / n/d,"59,831","266,818","258,026","12,616","36,216",n/a / n/d,n/a / n/d,n/a / n/d,n/a / n/d,n/a / n/d,n/a / n/d,n/a / n/d
122,2022-05 ,cannabis topicals / cannabis pour usage topique,n/a / n/d,n/a / n/d,"102,584","295,026","240,512","13,420","37,383",n/a / n/d,n/a / n/d,n/a / n/d,n/a / n/d,n/a / n/d,n/a / n/d,n/a / n/d
123,2022-06 ,cannabis topicals / cannabis pour usage topique,n/a / n/d,n/a / n/d,"72,002","292,235","240,688","13,392","44,270",n/a / n/d,n/a / n/d,n/a / n/d,n/a / n/d,n/a / n/d,n/a / n/d,n/a / n/d
124,2022-07 ,cannabis topicals / cannabis pour usage topique,n/a / n/d,n/a / n/d,"67,995","274,972","244,537","12,780","41,906",n/a / n/d,n/a / n/d,n/a / n/d,n/a / n/d,n/a / n/d,n/a / n/d,n/a / n/d
125,2022-08 ,cannabis topicals / cannabis pour usage topique,n/a / n/d,n/a / n/d,"55,890","299,935","223,108","13,243","40,509",n/a / n/d,n/a / n/d,n/a / n/d,n/a / n/d,n/a / n/d,n/a / n/d,n/a / n/d
126,2022-09 ,cannabis topicals / cannabis pour usage topique,n/a / n/d,n/a / n/d,"57,164","310,166","208,352","16,174","33,437",n/a / n/d,n/a / n/d,n/a / n/d,n/a / n/d,n/a / n/d,n/a / n/d,n/a / n/d
127,2022-10 ,cannabis topicals / cannabis pour usage topique,n/a / n/d,n/a / n/d,"67,576","323,713","192,035","15,505","36,391",n/a / n/d,n/a / n/d,n/a / n/d,n/a / n/d,n/a / n/d,n/a / n/d,n/a / n/d
128,2022-11 ,cannabis topicals / cannabis pour usage topique,n/a / n/d,n/a / n/d,"91,947","322,341","191,830","20,199","37,301",n/a / n/d,n/a / n/d,n/a / n/d,n/a / n/d,n/a / n/d,n/a / n/d,n/a / n/d
129,2022-12 ,cannabis topicals / cannabis pour usage topique,n/a / n/d,n/a / n/d,"87,220","318,170","190,972","24,148","56,901",n/a / n/d,n/a / n/d,n/a / n/d,n/a / n/d,n/a / n/d,n/a / n/d,n/a / n/d
130,2023-01 ,cannabis topicals / cannabis pour usage topique,n/a / n/d,n/a / n/d,"74,406","288,258","177,982","22,993","36,678",n/a / n/d,n/a / n/d,n/a / n/d,n/a / n/d,n/a / n/d,n/a / n/d,n/a / n/d
131,2023-02 ,cannabis topicals / cannabis pour usage topique,n/a / n/d,n/a / n/d,"72,203","295,835","176,078","24,425","35,297",n/a / n/d,n/a / n/d,n/a / n/d,n/a / n/d,n/a / n/d,n/a / n/d,n/a / n/d
132,2023-03 ,cannabis topicals / cannabis pour usage topique,n/a / n/d,n/a / n/d,"69,233","290,818","165,741","28,115","38,552",n/a / n/d,n/a / n/d,n/a / n/d,n/a / n/d,n/a / n/d,n/a / n/d,n/a / n/d
133,2023-04 ,cannabis topicals / cannabis pour usage topique,n/a / n/d,n/a / n/d,59589,184170,160614,26165,37107,n/a / n/d,n/a / n/d,n/a / n/d,n/a / n/d,n/a / n/d,n/a / n/d,n/a / n/d
134,2023-05 ,cannabis topicals / cannabis pour usage topique,n/a / n/d,n/a / n/d,77425,215640,153827,38852,35584,n/a / n/d,n/a / n/d,n/a / n/d,n/a / n/d,n/a / n/d,n/a / n/d,n/a / n/d
135,2023-06 ,cannabis topicals / cannabis pour usage topique,n/a / n/d,n/a / n/d,46045,193836,139602,34643,41921,n/a / n/d,n/a / n/d,n/a / n/d,n/a / n/d,n/a / n/d,n/a / n/d,n/a / n/d
136,2018-10 ,dried cannabis / cannabis séché,n/a / n/d,n/a / n/d,n/a / n/d,n/a / n/d,n/a / n/d,n/a / n/d,n/a / n/d,41677,96822,13830,12310,6171,1941,4405
137,2018-11 ,dried cannabis / cannabis séché,n/a / n/d,n/a / n/d,n/a / n/d,n/a / n/d,n/a / n/d,n/a / n/d,n/a / n/d,34893,99007,11117,10410,8314,1795,5490
138,2018-12 ,dried cannabis / cannabis séché,n/a / n/d,n/a / n/d,n/a / n/d,n/a / n/d,n/a / n/d,n/a / n/d,n/a / n/d,31791,111693,9597,8789,10151,1816,5784
139,2019-01 ,dried cannabis / cannabis séché,n/a / n/d,n/a / n/d,n/a / n/d,n/a / n/d,n/a / n/d,n/a / n/d,n/a / n/d,43419,117486,9703,10303,10016,1779,5528
140,2019-02 ,dried cannabis / cannabis séché,n/a / n/d,n/a / n/d,n/a / n/d,n/a / n/d,n/a / n/d,n/a / n/d,n/a / n/d,37849,120784,11575,11484,11670,1698,4985
141,2019-03 ,dried cannabis / cannabis séché,n/a / n/d,n/a / n/d,n/a / n/d,n/a / n/d,n/a / n/d,n/a / n/d,n/a / n/d,48580,141536,13981,13033,17713,1698,5928
142,2019-04 ,dried cannabis / cannabis séché,n/a / n/d,n/a / n/d,n/a / n/d,n/a / n/d,n/a / n/d,n/a / n/d,n/a / n/d,70198,182998,13331,13408,17870,2129,6735
143,2019-05 ,dried cannabis / cannabis séché,n/a / n/d,n/a / n/d,n/a / n/d,n/a / n/d,n/a / n/d,n/a / n/d,n/a / n/d,80250,222551,19345,17605,22315,1697,7818
144,2019-06 ,dried cannabis / cannabis séché,n/a / n/d,n/a / n/d,n/a / n/d,n/a / n/d,n/a / n/d,n/a / n/d,n/a / n/d,83483,243754,20100,18655,30363,1535,8480
145,2019-07 ,dried cannabis / cannabis séché,n/a / n/d,n/a / n/d,n/a / n/d,n/a / n/d,n/a / n/d,n/a / n/d,n/a / n/d,91331,292292,20378,27681,29826,1640,10054
146,2019-08 ,dried cannabis / cannabis séché,n/a / n/d,n/a / n/d,n/a / n/d,n/a / n/d,n/a / n/d,n/a / n/d,n/a / n/d,93033,328186,18571,31702,29381,1210,11762
147,2019-09 ,dried cannabis / cannabis séché,n/a / n/d,n/a / n/d,n/a / n/d,n/a / n/d,n/a / n/d,n/a / n/d,n/a / n/d,94014,316515,19003,33518,30633,1215,11707
148,2019-10 ,dried cannabis / cannabis séché,n/a / n/d,n/a / n/d,6661673,10887928,11973079,190348,5204955,144955,385922,n/a / n/d,37949,30637,n/a / n/d,n/a / n/d
149,2019-11 ,dried cannabis / cannabis séché,n/a / n/d,n/a / n/d,7073490,11696239,11784498,195674,5327990,121273,413227,n/a / n/d,35771,30045,n/a / n/d,n/a / n/d
150,2019-12 ,dried cannabis / cannabis séché,n/a / n/d,n/a / n/d,6196582,10777371,11875242,201151,5736725,100237,473414,n/a / n/d,32606,30147,n/a / n/d,n/a / n/d
151,2020-01 ,dried cannabis / cannabis séché,n/a / n/d,n/a / n/d,8144584,13952588,11195359,199634,5513535,88746,491276,n/a / n/d,36370,28361,n/a / n/d,n/a / n/d
152,2020-02 ,dried cannabis / cannabis séché,n/a / n/d,n/a / n/d,7635589,14802076,11769070,180700,5229083,104880,524041,n/a / n/d,36487,30235,n/a / n/d,n/a / n/d
153,2020-03 ,dried cannabis / cannabis séché,n/a / n/d,n/a / n/d,8964731,16093436,13714839,244366,5729118,103429,563985,n/a / n/d,39887,36026,n/a / n/d,n/a / n/d
154,2020-04 ,dried cannabis / cannabis séché,n/a / n/d,n/a / n/d,7792866,15529655,14370269,233752,5199858,96475,620144,n/a / n/d,46413,38601,n/a / n/d,n/a / n/d
155,2020-05 ,dried cannabis / cannabis séché,n/a / n/d,n/a / n/d,5403681,14348026,13206710,212665,5368421,117121,669787,n/a / n/d,44695,36686,n/a / n/d,n/a / n/d
156,2020-06 ,dried cannabis / cannabis séché,n/a / n/d,n/a / n/d,5839035,15134838,12177789,240406,5895382,125951,720425,n/a / n/d,48259,34323,n/a / n/d,n/a / n/d
157,2020-07 ,dried cannabis / cannabis séché,n/a / n/d,n/a / n/d,6524892,15642555,11294603,217694,6567647,110763,753886,n/a / n/d,55035,39141,n/a / n/d,n/a / n/d
158,2020-08 ,dried cannabis / cannabis séché,n/a / n/d,n/a / n/d,7917450,15855577,10866894,216366,6752938,112025,782698,n/a / n/d,57066,43174,n/a / n/d,n/a / n/d
159,2020-09 ,dried cannabis / cannabis séché,n/a / n/d,n/a / n/d,7752052,15122370,11249392,206946,6810721,132718,816913,n/a / n/d,54244,46164,n/a / n/d,n/a / n/d
160,2020-10 ,dried cannabis / cannabis séché,n/a / n/d,n/a / n/d,10860877,16565102,11105817,214849,6775519,220461,961070,n/a / n/d,58743,46689,n/a / n/d,n/a / n/d
161,2020-11 ,dried cannabis / cannabis séché,n/a / n/d,n/a / n/d,9346386,15974519,12559424,197769,6025865,165189,1038470,n/a / n/d,77068,50187,n/a / n/d,n/a / n/d
162,2020-12 ,dried cannabis / cannabis séché,n/a / n/d,n/a / n/d,9007467,15181489,14292791,207697,6925810,96009,1029923,n/a / n/d,53788,57381,n/a / n/d,n/a / n/d
163,2021-01 ,dried cannabis / cannabis séché,n/a / n/d,n/a / n/d,9352954,17417141,13601383,220256,6912986,93400,973491,n/a / n/d,60580,51127,n/a / n/d,n/a / n/d
164,2021-02 ,dried cannabis / cannabis séché,n/a / n/d,n/a / n/d,8129802,18136610,14535304,194132,6205926,91272,968289,n/a / n/d,62662,55354,n/a / n/d,n/a / n/d
165,2021-03 ,dried cannabis / cannabis séché,n/a / n/d,n/a / n/d,11315971,19977373,14644497,245095,7287704,112238,956655,n/a / n/d,72963,58945,n/a / n/d,n/a / n/d
166,2021-04 ,dried cannabis / cannabis séché,n/a / n/d,n/a / n/d,10309790,20986039,14670506,223364,7406134,122757,984600,n/a / n/d,75744,60763,n/a / n/d,n/a / n/d
167,2021-05 ,dried cannabis / cannabis séché,n/a / n/d,n/a / n/d,9884888,20794506,15014953,220673,7519246,126577,997257,n/a / n/d,110514,66021,n/a / n/d,n/a / n/d
168,2021-06 ,dried cannabis / cannabis séché,n/a / n/d,n/a / n/d,10767389,20721799,16097480,215237,7896172,133690,985001,n/a / n/d,89853,71545,n/a / n/d,n/a / n/d
169,2021-07 ,dried cannabis / cannabis séché,n/a / n/d,n/a / n/d,9883187,21368801,15459185,223156,8554331,121102,1003897,n/a / n/d,86442,68793,n/a / n/d,n/a / n/d
170,2021-08 ,dried cannabis / cannabis séché,n/a / n/d,n/a / n/d,9489589,18306943,14859959,240393,9173688,120634,993355,n/a / n/d,78667,67753,n/a / n/d,n/a / n/d
171,2021-09 ,dried cannabis / cannabis séché,n/a / n/d,n/a / n/d,10174711,18835735,14548893,225371,9134736,153751,1025730,n/a / n/d,79289,66410,n/a / n/d,n/a / n/d
172,2021-10 ,dried cannabis / cannabis séché,n/a / n/d,n/a / n/d,10429257,19206534,15016864,226488,9266900,238300,1120395,n/a / n/d,80790,66958,n/a / n/d,n/a / n/d
173,2021-11 ,dried cannabis / cannabis séché,n/a / n/d,n/a / n/d,12006600,20308459,15748969,246202,8536114,169408,1264748,n/a / n/d,86117,67259,n/a / n/d,n/a / n/d
174,2021-12 ,dried cannabis / cannabis séché,n/a / n/d,n/a / n/d,9984447,19254391,16980798,233619,9457655,133154,1164507,n/a / n/d,74874,69714,n/a / n/d,n/a / n/d
175,2022-01 ,dried cannabis / cannabis séché,n/a / n/d,n/a / n/d,9174904,19368969,16290946,261641,8717718,135890,1181605,n/a / n/d,76487,66744,n/a / n/d,n/a / n/d
176,2022-02 ,dried cannabis / cannabis séché,n/a / n/d,n/a / n/d,9379104,20055085,15954112,213900,7975499,146451,1174543,n/a / n/d,80463,63387,n/a / n/d,n/a / n/d
177,2022-03 ,dried cannabis / cannabis séché,n/a / n/d,n/a / n/d,9726496,20035342,15966018,263138,8990972,164255,1143186,n/a / n/d,83391,66803,n/a / n/d,n/a / n/d
178,2022-04 ,dried cannabis / cannabis séché,n/a / n/d,n/a / n/d,9969471,19827854,15708568,242643,9171513,150571,1146980,n/a / n/d,79913,77555,n/a / n/d,n/a / n/d
179,2022-05 ,dried cannabis / cannabis séché,n/a / n/d,n/a / n/d,10840839,20132125,15543377,237739,9254579,182919,1156428,n/a / n/d,83442,66936,n/a / n/d,n/a / n/d
180,2022-06 ,dried cannabis / cannabis séché,n/a / n/d,n/a / n/d,11668357,20727705,16097997,241122,9511791,168267,1137961,n/a / n/d,80755,69417,n/a / n/d,n/a / n/d
181,2022-07 ,dried cannabis / cannabis séché,n/a / n/d,n/a / n/d,10650334,19843285,15459344,227148,9898767,138370,1133690,n/a / n/d,77206,69816,n/a / n/d,n/a / n/d
182,2022-08 ,dried cannabis / cannabis séché,n/a / n/d,n/a / n/d,10989287,20233784,16002387,238595,9865782,147146,1185289,n/a / n/d,80619,68499,n/a / n/d,n/a / n/d
183,2022-09 ,dried cannabis / cannabis séché,n/a / n/d,n/a / n/d,11152288,19816739,16379421,238792,9597809,188616,1201559,n/a / n/d,80248,70225,n/a / n/d,n/a / n/d
184,2022-10 ,dried cannabis / cannabis séché,n/a / n/d,n/a / n/d,"11,702,604","21,101,275","17,359,471","243,652","9,642,431","293,188","1,322,101",n/a / n/d,"92,021","78,071",n/a / n/d,n/a / n/d
185,2022-11 ,dried cannabis / cannabis séché,n/a / n/d,n/a / n/d,"12,192,777","21,759,645","19,070,193","260,263","8,890,693","158,500","1,312,569",n/a / n/d,"91,570","85,495",n/a / n/d,n/a / n/d
186,2022-12 ,dried cannabis / cannabis séché,n/a / n/d,n/a / n/d,"8,667,553","20,771,331","18,298,068","226,402","9,742,791","128,824","1,298,278",n/a / n/d,"88,569","80,785",n/a / n/d,n/a / n/d
187,2023-01 ,dried cannabis / cannabis séché,n/a / n/d,n/a / n/d,"9,173,488","20,447,595","16,688,658","269,667","9,275,494","153,069","1,321,435",n/a / n/d,"95,769","53,850",n/a / n/d,n/a / n/d
188,2023-02 ,dried cannabis / cannabis séché,n/a / n/d,n/a / n/d,"9,013,624","19,839,930","17,023,248","228,103","8,380,773","110,290","1,288,436",n/a / n/d,"88,702","53,414",n/a / n/d,n/a / n/d
189,2023-03 ,dried cannabis / cannabis séché,n/a / n/d,n/a / n/d,"10,953,243","20,704,174","17,105,249","264,303","9,457,231","149,079","1,249,755",n/a / n/d,"92,590","55,935",n/a / n/d,n/a / n/d
190,2023-04 ,dried cannabis / cannabis séché,n/a / n/d,n/a / n/d,"9,564,202","20,334,695","16,146,881","237,470","9,475,220","114,266","1,177,944",n/a / n/d,"137,018","74,272",n/a / n/d,n/a / n/d
191,2023-05 ,dried cannabis / cannabis séché,n/a / n/d,n/a / n/d,"11,096,769","20,564,606","16,443,757","305,334","10,045,835","142,769","1,152,267",n/a / n/d,"90,965","74,097",n/a / n/d,n/a / n/d
192,2023-06 ,dried cannabis / cannabis séché,n/a / n/d,n/a / n/d,"10,742,339","20,485,202","16,436,321","251,390","10,383,134","135,453","1,161,567",n/a / n/d,"85,930","71,186",n/a / n/d,n/a / n/d
193,2019-10 ,edible cannabis / cannabis comestible,n/a / n/d,n/a / n/d,0,0,0,0,0,n/a / n/d,n/a / n/d,n/a / n/d,n/a / n/d,n/a / n/d,n/a / n/d,n/a / n/d
194,2019-11 ,edible cannabis / cannabis comestible,n/a / n/d,n/a / n/d,451027,451027,0,0,0,n/a / n/d,n/a / n/d,n/a / n/d,n/a / n/d,n/a / n/d,n/a / n/d,n/a / n/d
195,2019-12 ,edible cannabis / cannabis comestible,n/a / n/d,n/a / n/d,812793,547761,189895,2373,81698,n/a / n/d,n/a / n/d,n/a / n/d,n/a / n/d,n/a / n/d,n/a / n/d,n/a / n/d
196,2020-01 ,edible cannabis / cannabis comestible,n/a / n/d,n/a / n/d,780229,806059,254024,2861,359230,n/a / n/d,n/a / n/d,n/a / n/d,n/a / n/d,n/a / n/d,n/a / n/d,n/a / n/d
197,2020-02 ,edible cannabis / cannabis comestible,n/a / n/d,n/a / n/d,1579731,1355031,688353,6746,511372,n/a / n/d,n/a / n/d,n/a / n/d,n/a / n/d,n/a / n/d,n/a / n/d,n/a / n/d
198,2020-03 ,edible cannabis / cannabis comestible,n/a / n/d,n/a / n/d,2191867,1879271,1547073,9142,767957,n/a / n/d,n/a / n/d,n/a / n/d,n/a / n/d,n/a / n/d,n/a / n/d,n/a / n/d
199,2020-04 ,edible cannabis / cannabis comestible,n/a / n/d,n/a / n/d,2289280,2670393,2015202,14131,901583,n/a / n/d,n/a / n/d,n/a / n/d,n/a / n/d,n/a / n/d,n/a / n/d,n/a / n/d
200,2020-05 ,edible cannabis / cannabis comestible,n/a / n/d,n/a / n/d,2764441,3872253,2463071,20241,982161,n/a / n/d,n/a / n/d,n/a / n/d,n/a / n/d,n/a / n/d,n/a / n/d,n/a / n/d
201,2020-06 ,edible cannabis / cannabis comestible,n/a / n/d,n/a / n/d,2925408,4913525,2849316,22630,1090424,n/a / n/d,n/a / n/d,n/a / n/d,n/a / n/d,n/a / n/d,n/a / n/d,n/a / n/d
202,2020-07 ,edible cannabis / cannabis comestible,n/a / n/d,n/a / n/d,2195564,5236890,3194733,22159,1310970,n/a / n/d,n/a / n/d,n/a / n/d,n/a / n/d,n/a / n/d,n/a / n/d,n/a / n/d
203,2020-08 ,edible cannabis / cannabis comestible,n/a / n/d,n/a / n/d,2939966,6636104,3138965,19489,1407345,n/a / n/d,n/a / n/d,n/a / n/d,n/a / n/d,n/a / n/d,n/a / n/d,n/a / n/d
204,2020-09 ,edible cannabis / cannabis comestible,n/a / n/d,n/a / n/d,2892530,6777618,3933843,57003,1501640,n/a / n/d,n/a / n/d,n/a / n/d,n/a / n/d,n/a / n/d,n/a / n/d,n/a / n/d
205,2020-10 ,edible cannabis / cannabis comestible,n/a / n/d,n/a / n/d,4109200,7959801,4737999,65206,1694974,n/a / n/d,n/a / n/d,n/a / n/d,n/a / n/d,n/a / n/d,n/a / n/d,n/a / n/d
206,2020-11 ,edible cannabis / cannabis comestible,n/a / n/d,n/a / n/d,3648093,8454222,5539909,66656,1542135,n/a / n/d,n/a / n/d,n/a / n/d,n/a / n/d,n/a / n/d,n/a / n/d,n/a / n/d
207,2020-12 ,edible cannabis / cannabis comestible,n/a / n/d,n/a / n/d,3688432,8946760,6297815,78272,2219885,n/a / n/d,n/a / n/d,n/a / n/d,n/a / n/d,n/a / n/d,n/a / n/d,n/a / n/d
208,2021-01 ,edible cannabis / cannabis comestible,n/a / n/d,n/a / n/d,3184017,9880507,6279311,81709,1954912,n/a / n/d,n/a / n/d,n/a / n/d,n/a / n/d,n/a / n/d,n/a / n/d,n/a / n/d
209,2021-02 ,edible cannabis / cannabis comestible,n/a / n/d,n/a / n/d,2658747,9932997,5858418,82141,1930152,n/a / n/d,n/a / n/d,n/a / n/d,n/a / n/d,n/a / n/d,n/a / n/d,n/a / n/d
210,2021-03 ,edible cannabis / cannabis comestible,n/a / n/d,n/a / n/d,3174434,10480113,5637826,136260,2174948,n/a / n/d,n/a / n/d,n/a / n/d,n/a / n/d,n/a / n/d,n/a / n/d,n/a / n/d
211,2021-04 ,edible cannabis / cannabis comestible,n/a / n/d,n/a / n/d,4138153,11623946,5777525,153234,2299139,n/a / n/d,n/a / n/d,n/a / n/d,n/a / n/d,n/a / n/d,n/a / n/d,n/a / n/d
212,2021-05 ,edible cannabis / cannabis comestible,n/a / n/d,n/a / n/d,4473475,12150784,6282665,176463,2300367,n/a / n/d,n/a / n/d,n/a / n/d,n/a / n/d,n/a / n/d,n/a / n/d,n/a / n/d
213,2021-06 ,edible cannabis / cannabis comestible,n/a / n/d,n/a / n/d,4101309,11583450,7225400,179622,2341444,n/a / n/d,n/a / n/d,n/a / n/d,n/a / n/d,n/a / n/d,n/a / n/d,n/a / n/d
214,2021-07 ,edible cannabis / cannabis comestible,n/a / n/d,n/a / n/d,3534368,12229313,7328816,155628,2660243,n/a / n/d,n/a / n/d,n/a / n/d,n/a / n/d,n/a / n/d,n/a / n/d,n/a / n/d
215,2021-08 ,edible cannabis / cannabis comestible,n/a / n/d,n/a / n/d,3181015,12338913,6971980,190489,2855895,n/a / n/d,n/a / n/d,n/a / n/d,n/a / n/d,n/a / n/d,n/a / n/d,n/a / n/d
216,2021-09 ,edible cannabis / cannabis comestible,n/a / n/d,n/a / n/d,4547356,12136149,6876355,151109,2867343,n/a / n/d,n/a / n/d,n/a / n/d,n/a / n/d,n/a / n/d,n/a / n/d,n/a / n/d
217,2021-10 ,edible cannabis / cannabis comestible,n/a / n/d,n/a / n/d,3496088,12658823,6679174,150204,3108937,n/a / n/d,n/a / n/d,n/a / n/d,n/a / n/d,n/a / n/d,n/a / n/d,n/a / n/d
218,2021-11 ,edible cannabis / cannabis comestible,n/a / n/d,n/a / n/d,4888697,12743629,7214965,182222,2915476,n/a / n/d,n/a / n/d,n/a / n/d,n/a / n/d,n/a / n/d,n/a / n/d,n/a / n/d
219,2021-12 ,edible cannabis / cannabis comestible,n/a / n/d,n/a / n/d,3581804,11574333,7326963,215555,3784246,n/a / n/d,n/a / n/d,n/a / n/d,n/a / n/d,n/a / n/d,n/a / n/d,n/a / n/d
220,2022-01 ,edible cannabis / cannabis comestible,n/a / n/d,n/a / n/d,3951332,11840653,6919310,209754,3231142,n/a / n/d,n/a / n/d,n/a / n/d,n/a / n/d,n/a / n/d,n/a / n/d,n/a / n/d
221,2022-02 ,edible cannabis / cannabis comestible,n/a / n/d,n/a / n/d,3973743,12401980,7015372,196313,3110271,n/a / n/d,n/a / n/d,n/a / n/d,n/a / n/d,n/a / n/d,n/a / n/d,n/a / n/d
222,2022-03 ,edible cannabis / cannabis comestible,n/a / n/d,n/a / n/d,5198375,13357254,7546828,235118,3390819,n/a / n/d,n/a / n/d,n/a / n/d,n/a / n/d,n/a / n/d,n/a / n/d,n/a / n/d
223,2022-04 ,edible cannabis / cannabis comestible,n/a / n/d,n/a / n/d,"4,415,718","13,445,709","7,379,341","216,827","3,600,659",n/a / n/d,n/a / n/d,n/a / n/d,n/a / n/d,n/a / n/d,n/a / n/d,n/a / n/d
224,2022-05 ,edible cannabis / cannabis comestible,n/a / n/d,n/a / n/d,"4,526,299","13,722,180","7,835,478","244,057","3,430,172",n/a / n/d,n/a / n/d,n/a / n/d,n/a / n/d,n/a / n/d,n/a / n/d,n/a / n/d
225,2022-06 ,edible cannabis / cannabis comestible,n/a / n/d,n/a / n/d,"4,673,333","14,305,064","8,090,550","211,488","3,607,536",n/a / n/d,n/a / n/d,n/a / n/d,n/a / n/d,n/a / n/d,n/a / n/d,n/a / n/d
226,2022-07 ,edible cannabis / cannabis comestible,n/a / n/d,n/a / n/d,"3,638,920","13,031,755","7,363,994","252,228","3,889,390",n/a / n/d,n/a / n/d,n/a / n/d,n/a / n/d,n/a / n/d,n/a / n/d,n/a / n/d
227,2022-08 ,edible cannabis / cannabis comestible,n/a / n/d,n/a / n/d,"4,218,849","11,672,783","7,821,449","279,468","3,748,942",n/a / n/d,n/a / n/d,n/a / n/d,n/a / n/d,n/a / n/d,n/a / n/d,n/a / n/d
228,2022-09 ,edible cannabis / cannabis comestible,n/a / n/d,n/a / n/d,"4,406,949","11,704,540","7,697,988","250,578","3,665,372",n/a / n/d,n/a / n/d,n/a / n/d,n/a / n/d,n/a / n/d,n/a / n/d,n/a / n/d
229,2022-10 ,edible cannabis / cannabis comestible,n/a / n/d,n/a / n/d,"4,556,469","11,761,302","7,762,955","253,993","3,720,904",n/a / n/d,n/a / n/d,n/a / n/d,n/a / n/d,n/a / n/d,n/a / n/d,n/a / n/d
230,2022-11 ,edible cannabis / cannabis comestible,n/a / n/d,n/a / n/d,"5,175,751","11,711,900","8,505,780","294,511","3,442,539",n/a / n/d,n/a / n/d,n/a / n/d,n/a / n/d,n/a / n/d,n/a / n/d,n/a / n/d
231,2022-12 ,edible cannabis / cannabis comestible,n/a / n/d,n/a / n/d,"3,655,721","11,650,030","7,509,448","271,195","4,455,645",n/a / n/d,n/a / n/d,n/a / n/d,n/a / n/d,n/a / n/d,n/a / n/d,n/a / n/d
232,2023-01 ,edible cannabis / cannabis comestible,n/a / n/d,n/a / n/d,"3,826,747","10,219,088","7,571,570","304,869","3,747,704",n/a / n/d,n/a / n/d,n/a / n/d,n/a / n/d,n/a / n/d,n/a / n/d,n/a / n/d
233,2023-02 ,edible cannabis / cannabis comestible,n/a / n/d,n/a / n/d,"4,323,003","10,995,819","8,068,607","259,108","3,470,537",n/a / n/d,n/a / n/d,n/a / n/d,n/a / n/d,n/a / n/d,n/a / n/d,n/a / n/d
234,2023-03 ,edible cannabis / cannabis comestible,n/a / n/d,n/a / n/d,"4,875,127","11,114,583","8,227,954","304,841","3,853,304",n/a / n/d,n/a / n/d,n/a / n/d,n/a / n/d,n/a / n/d,n/a / n/d,n/a / n/d
235,2023-04 ,edible cannabis / cannabis comestible,n/a / n/d,n/a / n/d,4219227,11649576,7834416,247895,3761498,n/a / n/d,n/a / n/d,n/a / n/d,n/a / n/d,n/a / n/d,n/a / n/d,n/a / n/d
236,2023-05 ,edible cannabis / cannabis comestible,n/a / n/d,n/a / n/d,4731469,10974490,8532159,354673,3713795,n/a / n/d,n/a / n/d,n/a / n/d,n/a / n/d,n/a / n/d,n/a / n/d,n/a / n/d
237,2023-06 ,edible cannabis / cannabis comestible,n/a / n/d,n/a / n/d,4725595,11566165,8411609,292832,4123438,n/a / n/d,n/a / n/d,n/a / n/d,n/a / n/d,n/a / n/d,n/a / n/d,n/a / n/d
238,2019-10 ,vegetative cannabis plants / plantes de cannabis végétatives,2576671,2835956,178,6,17,78,24,n/a / n/d,n/a / n/d,n/a / n/d,n/a / n/d,n/a / n/d,n/a / n/d,n/a / n/d
239,2019-11 ,vegetative cannabis plants / plantes de cannabis végétatives,2353129,2986388,32,6,0,27,5,n/a / n/d,n/a / n/d,n/a / n/d,n/a / n/d,n/a / n/d,n/a / n/d,n/a / n/d
240,2019-12 ,vegetative cannabis plants / plantes de cannabis végétatives,2542479,3183834,14,6,0,14,2,n/a / n/d,n/a / n/d,n/a / n/d,n/a / n/d,n/a / n/d,n/a / n/d,n/a / n/d
241,2020-01 ,vegetative cannabis plants / plantes de cannabis végétatives,2747881,3312373,0,6,0,0,2,n/a / n/d,n/a / n/d,n/a / n/d,n/a / n/d,n/a / n/d,n/a / n/d,n/a / n/d
242,2020-02 ,vegetative cannabis plants / plantes de cannabis végétatives,2318173,3261563,4626,6,0,10,0,n/a / n/d,n/a / n/d,n/a / n/d,n/a / n/d,n/a / n/d,n/a / n/d,n/a / n/d
243,2020-03 ,vegetative cannabis plants / plantes de cannabis végétatives,2706760,2927958,6246,6,0,6,0,n/a / n/d,n/a / n/d,n/a / n/d,n/a / n/d,n/a / n/d,n/a / n/d,n/a / n/d
244,2020-04 ,vegetative cannabis plants / plantes de cannabis végétatives,2753562,2976254,5233,6,0,4,0,n/a / n/d,n/a / n/d,n/a / n/d,n/a / n/d,n/a / n/d,n/a / n/d,n/a / n/d
245,2020-05 ,vegetative cannabis plants / plantes de cannabis végétatives,3070596,3380923,9,6,0,5,40,n/a / n/d,n/a / n/d,n/a / n/d,n/a / n/d,n/a / n/d,n/a / n/d,n/a / n/d
246,2020-06 ,vegetative cannabis plants / plantes de cannabis végétatives,3194625,3724514,124,6,0,977,24,n/a / n/d,n/a / n/d,n/a / n/d,n/a / n/d,n/a / n/d,n/a / n/d,n/a / n/d
247,2020-07 ,vegetative cannabis plants / plantes de cannabis végétatives,2867413,3301036,1030,6,0,1134,24,n/a / n/d,n/a / n/d,n/a / n/d,n/a / n/d,n/a / n/d,n/a / n/d,n/a / n/d
248,2020-08 ,vegetative cannabis plants / plantes de cannabis végétatives,2288027,2796804,506,6,0,1134,10,n/a / n/d,n/a / n/d,n/a / n/d,n/a / n/d,n/a / n/d,n/a / n/d,n/a / n/d
249,2020-09 ,vegetative cannabis plants / plantes de cannabis végétatives,2574056,2716252,337,6,0,677,3,n/a / n/d,n/a / n/d,n/a / n/d,n/a / n/d,n/a / n/d,n/a / n/d,n/a / n/d
250,2020-10 ,vegetative cannabis plants / plantes de cannabis végétatives,2336037,2515660,360,71,2,220,10,n/a / n/d,n/a / n/d,n/a / n/d,n/a / n/d,n/a / n/d,n/a / n/d,n/a / n/d
251,2020-11 ,vegetative cannabis plants / plantes de cannabis végétatives,1965223,2268810,30,71,0,846,2,n/a / n/d,n/a / n/d,n/a / n/d,n/a / n/d,n/a / n/d,n/a / n/d,n/a / n/d
252,2020-12 ,vegetative cannabis plants / plantes de cannabis végétatives,2366696,2442941,214,71,3,1734,6,n/a / n/d,n/a / n/d,n/a / n/d,n/a / n/d,n/a / n/d,n/a / n/d,n/a / n/d
253,2021-01 ,vegetative cannabis plants / plantes de cannabis végétatives,2211123,2481765,9,6,3,1,3,n/a / n/d,n/a / n/d,n/a / n/d,n/a / n/d,n/a / n/d,n/a / n/d,n/a / n/d
254,2021-02 ,vegetative cannabis plants / plantes de cannabis végétatives,2319803,2626535,75,6,0,1036,0,n/a / n/d,n/a / n/d,n/a / n/d,n/a / n/d,n/a / n/d,n/a / n/d,n/a / n/d
255,2021-03 ,vegetative cannabis plants / plantes de cannabis végétatives,2566764,2615864,148,6,0,569,0,n/a / n/d,n/a / n/d,n/a / n/d,n/a / n/d,n/a / n/d,n/a / n/d,n/a / n/d
256,2021-04 ,vegetative cannabis plants / plantes de cannabis végétatives,2584721,2882420,378,242,0,1127,3,n/a / n/d,n/a / n/d,n/a / n/d,n/a / n/d,n/a / n/d,n/a / n/d,n/a / n/d
257,2021-05 ,vegetative cannabis plants / plantes de cannabis végétatives,2953240,3311435,571,6,0,744,16,n/a / n/d,n/a / n/d,n/a / n/d,n/a / n/d,n/a / n/d,n/a / n/d,n/a / n/d
258,2021-06 ,vegetative cannabis plants / plantes de cannabis végétatives,3480780,3991396,325,6,0,805,31,n/a / n/d,n/a / n/d,n/a / n/d,n/a / n/d,n/a / n/d,n/a / n/d,n/a / n/d
259,2021-07 ,vegetative cannabis plants / plantes de cannabis végétatives,2809211,3433820,32,6,0,470,2,n/a / n/d,n/a / n/d,n/a / n/d,n/a / n/d,n/a / n/d,n/a / n/d,n/a / n/d
260,2021-08 ,vegetative cannabis plants / plantes de cannabis végétatives,2527133,2947711,173,6,0,7,0,n/a / n/d,n/a / n/d,n/a / n/d,n/a / n/d,n/a / n/d,n/a / n/d,n/a / n/d
261,2021-09 ,vegetative cannabis plants / plantes de cannabis végétatives,2535927,2639983,53,6,0,512,2,n/a / n/d,n/a / n/d,n/a / n/d,n/a / n/d,n/a / n/d,n/a / n/d,n/a / n/d
262,2021-10 ,vegetative cannabis plants / plantes de cannabis végétatives,2422372,2650396,21,6,0,651,0,n/a / n/d,n/a / n/d,n/a / n/d,n/a / n/d,n/a / n/d,n/a / n/d,n/a / n/d
263,2021-11 ,vegetative cannabis plants / plantes de cannabis végétatives,2683017,2845832,83,6,0,1031,0,n/a / n/d,n/a / n/d,n/a / n/d,n/a / n/d,n/a / n/d,n/a / n/d,n/a / n/d
264,2021-12 ,vegetative cannabis plants / plantes de cannabis végétatives,2527553,2739886,216,156,0,599,0,n/a / n/d,n/a / n/d,n/a / n/d,n/a / n/d,n/a / n/d,n/a / n/d,n/a / n/d
265,2022-01 ,vegetative cannabis plants / plantes de cannabis végétatives,2296174,2820382,28,150,0,61,0,n/a / n/d,n/a / n/d,n/a / n/d,n/a / n/d,n/a / n/d,n/a / n/d,n/a / n/d
266,2022-02 ,vegetative cannabis plants / plantes de cannabis végétatives,2422900,3085459,244,0,0,384,0,n/a / n/d,n/a / n/d,n/a / n/d,n/a / n/d,n/a / n/d,n/a / n/d,n/a / n/d
267,2022-03 ,vegetative cannabis plants / plantes de cannabis végétatives,2595971,3091661,57,0,0,2336,0,n/a / n/d,n/a / n/d,n/a / n/d,n/a / n/d,n/a / n/d,n/a / n/d,n/a / n/d
268,2022-04 ,vegetative cannabis plants / plantes de cannabis végétatives,"2,384,393","3,168,718","1,648",0,0,794,27,n/a / n/d,n/a / n/d,n/a / n/d,n/a / n/d,n/a / n/d,n/a / n/d,n/a / n/d
269,2022-05 ,vegetative cannabis plants / plantes de cannabis végétatives,"2,937,809","3,662,437",722,0,7,614,33,n/a / n/d,n/a / n/d,n/a / n/d,n/a / n/d,n/a / n/d,n/a / n/d,n/a / n/d
270,2022-06 ,vegetative cannabis plants / plantes de cannabis végétatives,"2,679,947","3,902,098","4,599",0,44,"2,980",7,n/a / n/d,n/a / n/d,n/a / n/d,n/a / n/d,n/a / n/d,n/a / n/d,n/a / n/d
271,2022-07 ,vegetative cannabis plants / plantes de cannabis végétatives,"2,094,381","3,734,324","1,126",0,0,704,0,n/a / n/d,n/a / n/d,n/a / n/d,n/a / n/d,n/a / n/d,n/a / n/d,n/a / n/d
272,2022-08 ,vegetative cannabis plants / plantes de cannabis végétatives,"2,074,810","3,259,900",208,0,3,149,0,n/a / n/d,n/a / n/d,n/a / n/d,n/a / n/d,n/a / n/d,n/a / n/d,n/a / n/d
273,2022-09 ,vegetative cannabis plants / plantes de cannabis végétatives,"1,819,087","2,731,199",14,111,3,52,0,n/a / n/d,n/a / n/d,n/a / n/d,n/a / n/d,n/a / n/d,n/a / n/d,n/a / n/d
274,2022-10 ,vegetative cannabis plants / plantes de cannabis végétatives,"1,876,313","2,735,704",154,117,2,"2,488",0,n/a / n/d,n/a / n/d,n/a / n/d,n/a / n/d,n/a / n/d,n/a / n/d,n/a / n/d
275,2022-11 ,vegetative cannabis plants / plantes de cannabis végétatives,"1,911,992","2,645,631",90,111,4,"1,211",0,n/a / n/d,n/a / n/d,n/a / n/d,n/a / n/d,n/a / n/d,n/a / n/d,n/a / n/d
276,2022-12 ,vegetative cannabis plants / plantes de cannabis végétatives,"1,819,911","2,486,045",10,111,0,991,4,n/a / n/d,n/a / n/d,n/a / n/d,n/a / n/d,n/a / n/d,n/a / n/d,n/a / n/d
277,2023-01 ,vegetative cannabis plants / plantes de cannabis végétatives,"1,935,008","2,546,610","1,090",60,0,236,0,n/a / n/d,n/a / n/d,n/a / n/d,n/a / n/d,n/a / n/d,n/a / n/d,n/a / n/d
278,2023-02 ,vegetative cannabis plants / plantes de cannabis végétatives,"1,761,786","2,659,192",279,0,0,22,253,n/a / n/d,n/a / n/d,n/a / n/d,n/a / n/d,n/a / n/d,n/a / n/d,n/a / n/d
279,2023-03 ,vegetative cannabis plants / plantes de cannabis végétatives,"2,063,292","2,682,534","1,917",119,136,"4,525",757,n/a / n/d,n/a / n/d,n/a / n/d,n/a / n/d,n/a / n/d,n/a / n/d,n/a / n/d
280,2023-04 ,vegetative cannabis plants / plantes de cannabis végétatives,1847854,2877371,2740,0,183,96,1769,n/a / n/d,n/a / n/d,n/a / n/d,n/a / n/d,n/a / n/d,n/a / n/d,n/a / n/d
281,2023-05 ,vegetative cannabis plants / plantes de cannabis végétatives,2229726,2967779,4156,514,227,3808,3284,n/a / n/d,n/a / n/d,n/a / n/d,n/a / n/d,n/a / n/d,n/a / n/d,n/a / n/d
282,2023-06 ,vegetative cannabis plants / plantes de cannabis végétatives,2068097,3050582,1821,464,286,4120,6158,n/a / n/d,n/a / n/d,n/a / n/d,n/a / n/d,n/a / n/d,n/a / n/d,n/a / n/d
283,2019-10 ,whole cannabis plants / plantes de cannabis entières,1419889,2532483,n/a / n/d,n/a / n/d,n/a / n/d,n/a / n/d,n/a / n/d,n/a / n/d,n/a / n/d,n/a / n/d,n/a / n/d,n/a / n/d,n/a / n/d,n/a / n/d
284,2019-11 ,whole cannabis plants / plantes de cannabis entières,1274336,2371870,n/a / n/d,n/a / n/d,n/a / n/d,n/a / n/d,n/a / n/d,n/a / n/d,n/a / n/d,n/a / n/d,n/a / n/d,n/a / n/d,n/a / n/d,n/a / n/d
285,2019-12 ,whole cannabis plants / plantes de cannabis entières,1470283,2568565,n/a / n/d,n/a / n/d,n/a / n/d,n/a / n/d,n/a / n/d,n/a / n/d,n/a / n/d,n/a / n/d,n/a / n/d,n/a / n/d,n/a / n/d,n/a / n/d
286,2020-01 ,whole cannabis plants / plantes de cannabis entières,1481252,2575352,n/a / n/d,n/a / n/d,n/a / n/d,n/a / n/d,n/a / n/d,n/a / n/d,n/a / n/d,n/a / n/d,n/a / n/d,n/a / n/d,n/a / n/d,n/a / n/d
287,2020-02 ,whole cannabis plants / plantes de cannabis entières,1434562,2726490,n/a / n/d,n/a / n/d,n/a / n/d,n/a / n/d,n/a / n/d,n/a / n/d,n/a / n/d,n/a / n/d,n/a / n/d,n/a / n/d,n/a / n/d,n/a / n/d
288,2020-03 ,whole cannabis plants / plantes de cannabis entières,1712330,2967146,n/a / n/d,n/a / n/d,n/a / n/d,n/a / n/d,n/a / n/d,n/a / n/d,n/a / n/d,n/a / n/d,n/a / n/d,n/a / n/d,n/a / n/d,n/a / n/d
289,2020-04 ,whole cannabis plants / plantes de cannabis entières,1749090,3224931,n/a / n/d,n/a / n/d,n/a / n/d,n/a / n/d,n/a / n/d,n/a / n/d,n/a / n/d,n/a / n/d,n/a / n/d,n/a / n/d,n/a / n/d,n/a / n/d
290,2020-05 ,whole cannabis plants / plantes de cannabis entières,1647312,3137131,n/a / n/d,n/a / n/d,n/a / n/d,n/a / n/d,n/a / n/d,n/a / n/d,n/a / n/d,n/a / n/d,n/a / n/d,n/a / n/d,n/a / n/d,n/a / n/d
291,2020-06 ,whole cannabis plants / plantes de cannabis entières,1770954,3034803,n/a / n/d,n/a / n/d,n/a / n/d,n/a / n/d,n/a / n/d,n/a / n/d,n/a / n/d,n/a / n/d,n/a / n/d,n/a / n/d,n/a / n/d,n/a / n/d
292,2020-07 ,whole cannabis plants / plantes de cannabis entières,1955526,3179929,n/a / n/d,n/a / n/d,n/a / n/d,n/a / n/d,n/a / n/d,n/a / n/d,n/a / n/d,n/a / n/d,n/a / n/d,n/a / n/d,n/a / n/d,n/a / n/d
293,2020-08 ,whole cannabis plants / plantes de cannabis entières,1719068,3555001,n/a / n/d,n/a / n/d,n/a / n/d,n/a / n/d,n/a / n/d,n/a / n/d,n/a / n/d,n/a / n/d,n/a / n/d,n/a / n/d,n/a / n/d,n/a / n/d
294,2020-09 ,whole cannabis plants / plantes de cannabis entières,1587402,2977751,n/a / n/d,n/a / n/d,n/a / n/d,n/a / n/d,n/a / n/d,n/a / n/d,n/a / n/d,n/a / n/d,n/a / n/d,n/a / n/d,n/a / n/d,n/a / n/d
295,2020-10 ,whole cannabis plants / plantes de cannabis entières,1693769,3117193,n/a / n/d,n/a / n/d,n/a / n/d,n/a / n/d,n/a / n/d,n/a / n/d,n/a / n/d,n/a / n/d,n/a / n/d,n/a / n/d,n/a / n/d,n/a / n/d
296,2020-11 ,whole cannabis plants / plantes de cannabis entières,1171934,2780018,n/a / n/d,n/a / n/d,n/a / n/d,n/a / n/d,n/a / n/d,n/a / n/d,n/a / n/d,n/a / n/d,n/a / n/d,n/a / n/d,n/a / n/d,n/a / n/d
297,2020-12 ,whole cannabis plants / plantes de cannabis entières,1252196,2730170,n/a / n/d,n/a / n/d,n/a / n/d,n/a / n/d,n/a / n/d,n/a / n/d,n/a / n/d,n/a / n/d,n/a / n/d,n/a / n/d,n/a / n/d,n/a / n/d
298,2021-01 ,whole cannabis plants / plantes de cannabis entières,1582537,2779054,n/a / n/d,n/a / n/d,n/a / n/d,n/a / n/d,n/a / n/d,n/a / n/d,n/a / n/d,n/a / n/d,n/a / n/d,n/a / n/d,n/a / n/d,n/a / n/d
299,2021-02 ,whole cannabis plants / plantes de cannabis entières,1656371,2867283,n/a / n/d,n/a / n/d,n/a / n/d,n/a / n/d,n/a / n/d,n/a / n/d,n/a / n/d,n/a / n/d,n/a / n/d,n/a / n/d,n/a / n/d,n/a / n/d
300,2021-03 ,whole cannabis plants / plantes de cannabis entières,1780444,2794105,n/a / n/d,n/a / n/d,n/a / n/d,n/a / n/d,n/a / n/d,n/a / n/d,n/a / n/d,n/a / n/d,n/a / n/d,n/a / n/d,n/a / n/d,n/a / n/d
301,2021-04 ,whole cannabis plants / plantes de cannabis entières,1706217,2814676,n/a / n/d,n/a / n/d,n/a / n/d,n/a / n/d,n/a / n/d,n/a / n/d,n/a / n/d,n/a / n/d,n/a / n/d,n/a / n/d,n/a / n/d,n/a / n/d
302,2021-05 ,whole cannabis plants / plantes de cannabis entières,1834527,2858134,n/a / n/d,n/a / n/d,n/a / n/d,n/a / n/d,n/a / n/d,n/a / n/d,n/a / n/d,n/a / n/d,n/a / n/d,n/a / n/d,n/a / n/d,n/a / n/d
303,2021-06 ,whole cannabis plants / plantes de cannabis entières,1930978,2813991,n/a / n/d,n/a / n/d,n/a / n/d,n/a / n/d,n/a / n/d,n/a / n/d,n/a / n/d,n/a / n/d,n/a / n/d,n/a / n/d,n/a / n/d,n/a / n/d
304,2021-07 ,whole cannabis plants / plantes de cannabis entières,2417086,3337713,n/a / n/d,n/a / n/d,n/a / n/d,n/a / n/d,n/a / n/d,n/a / n/d,n/a / n/d,n/a / n/d,n/a / n/d,n/a / n/d,n/a / n/d,n/a / n/d
305,2021-08 ,whole cannabis plants / plantes de cannabis entières,2326451,3576697,n/a / n/d,n/a / n/d,n/a / n/d,n/a / n/d,n/a / n/d,n/a / n/d,n/a / n/d,n/a / n/d,n/a / n/d,n/a / n/d,n/a / n/d,n/a / n/d
306,2021-09 ,whole cannabis plants / plantes de cannabis entières,2175796,3752522,n/a / n/d,n/a / n/d,n/a / n/d,n/a / n/d,n/a / n/d,n/a / n/d,n/a / n/d,n/a / n/d,n/a / n/d,n/a / n/d,n/a / n/d,n/a / n/d
307,2021-10 ,whole cannabis plants / plantes de cannabis entières,1777893,3175277,n/a / n/d,n/a / n/d,n/a / n/d,n/a / n/d,n/a / n/d,n/a / n/d,n/a / n/d,n/a / n/d,n/a / n/d,n/a / n/d,n/a / n/d,n/a / n/d
308,2021-11 ,whole cannabis plants / plantes de cannabis entières,1871755,3002000,n/a / n/d,n/a / n/d,n/a / n/d,n/a / n/d,n/a / n/d,n/a / n/d,n/a / n/d,n/a / n/d,n/a / n/d,n/a / n/d,n/a / n/d,n/a / n/d
309,2021-12 ,whole cannabis plants / plantes de cannabis entières,1988492,3215507,n/a / n/d,n/a / n/d,n/a / n/d,n/a / n/d,n/a / n/d,n/a / n/d,n/a / n/d,n/a / n/d,n/a / n/d,n/a / n/d,n/a / n/d,n/a / n/d
310,2022-01 ,whole cannabis plants / plantes de cannabis entières,1404377,3090553,n/a / n/d,n/a / n/d,n/a / n/d,n/a / n/d,n/a / n/d,n/a / n/d,n/a / n/d,n/a / n/d,n/a / n/d,n/a / n/d,n/a / n/d,n/a / n/d
311,2022-02 ,whole cannabis plants / plantes de cannabis entières,1510040,3077921,n/a / n/d,n/a / n/d,n/a / n/d,n/a / n/d,n/a / n/d,n/a / n/d,n/a / n/d,n/a / n/d,n/a / n/d,n/a / n/d,n/a / n/d,n/a / n/d
312,2022-03 ,whole cannabis plants / plantes de cannabis entières,1510306,2833597,n/a / n/d,n/a / n/d,n/a / n/d,n/a / n/d,n/a / n/d,n/a / n/d,n/a / n/d,n/a / n/d,n/a / n/d,n/a / n/d,n/a / n/d,n/a / n/d
313,2022-04 ,whole cannabis plants / plantes de cannabis entières,"1,372,902","2,745,346",n/a / n/d,n/a / n/d,n/a / n/d,n/a / n/d,n/a / n/d,n/a / n/d,n/a / n/d,n/a / n/d,n/a / n/d,n/a / n/d,n/a / n/d,n/a / n/d
314,2022-05 ,whole cannabis plants / plantes de cannabis entières,"1,411,510","2,663,888",n/a / n/d,n/a / n/d,n/a / n/d,n/a / n/d,n/a / n/d,n/a / n/d,n/a / n/d,n/a / n/d,n/a / n/d,n/a / n/d,n/a / n/d,n/a / n/d
315,2022-06 ,whole cannabis plants / plantes de cannabis entières,"1,423,657","2,596,437",n/a / n/d,n/a / n/d,n/a / n/d,n/a / n/d,n/a / n/d,n/a / n/d,n/a / n/d,n/a / n/d,n/a / n/d,n/a / n/d,n/a / n/d,n/a / n/d
316,2022-07 ,whole cannabis plants / plantes de cannabis entières,"1,427,299","2,666,539",n/a / n/d,n/a / n/d,n/a / n/d,n/a / n/d,n/a / n/d,n/a / n/d,n/a / n/d,n/a / n/d,n/a / n/d,n/a / n/d,n/a / n/d,n/a / n/d
317,2022-08 ,whole cannabis plants / plantes de cannabis entières,"1,806,039","3,049,530",n/a / n/d,n/a / n/d,n/a / n/d,n/a / n/d,n/a / n/d,n/a / n/d,n/a / n/d,n/a / n/d,n/a / n/d,n/a / n/d,n/a / n/d,n/a / n/d
318,2022-09 ,whole cannabis plants / plantes de cannabis entières,"1,448,054","2,835,271",n/a / n/d,n/a / n/d,n/a / n/d,n/a / n/d,n/a / n/d,n/a / n/d,n/a / n/d,n/a / n/d,n/a / n/d,n/a / n/d,n/a / n/d,n/a / n/d
319,2022-10 ,whole cannabis plants / plantes de cannabis entières,"1,202,940","2,482,464",n/a / n/d,n/a / n/d,n/a / n/d,n/a / n/d,n/a / n/d,n/a / n/d,n/a / n/d,n/a / n/d,n/a / n/d,n/a / n/d,n/a / n/d,n/a / n/d
320,2022-11 ,whole cannabis plants / plantes de cannabis entières,"1,150,896","2,285,130",n/a / n/d,n/a / n/d,n/a / n/d,n/a / n/d,n/a / n/d,n/a / n/d,n/a / n/d,n/a / n/d,n/a / n/d,n/a / n/d,n/a / n/d,n/a / n/d
321,2022-12 ,whole cannabis plants / plantes de cannabis entières,"1,247,186","2,368,437",n/a / n/d,n/a / n/d,n/a / n/d,n/a / n/d,n/a / n/d,n/a / n/d,n/a / n/d,n/a / n/d,n/a / n/d,n/a / n/d,n/a / n/d,n/a / n/d
322,2023-01 ,whole cannabis plants / plantes de cannabis entières,"1,104,490","2,214,383",n/a / n/d,n/a / n/d,n/a / n/d,n/a / n/d,n/a / n/d,n/a / n/d,n/a / n/d,n/a / n/d,n/a / n/d,n/a / n/d,n/a / n/d,n/a / n/d
323,2023-02 ,whole cannabis plants / plantes de cannabis entières,"1,093,431","2,185,240",n/a / n/d,n/a / n/d,n/a / n/d,n/a / n/d,n/a / n/d,n/a / n/d,n/a / n/d,n/a / n/d,n/a / n/d,n/a / n/d,n/a / n/d,n/a / n/d
324,2023-03 ,whole cannabis plants / plantes de cannabis entières,"1,213,302","2,168,508",n/a / n/d,n/a / n/d,n/a / n/d,n/a / n/d,n/a / n/d,n/a / n/d,n/a / n/d,n/a / n/d,n/a / n/d,n/a / n/d,n/a / n/d,n/a / n/d
325,2023-04 ,whole cannabis plants / plantes de cannabis entières,1098802,2165664,n/a / n/d,n/a / n/d,n/a / n/d,n/a / n/d,n/a / n/d,n/a / n/d,n/a / n/d,n/a / n/d,n/a / n/d,n/a / n/d,n/a / n/d,n/a / n/d
326,2023-05 ,whole cannabis plants / plantes de cannabis entières,1194395,1969771,n/a / n/d,n/a / n/d,n/a / n/d,n/a / n/d,n/a / n/d,n/a / n/d,n/a / n/d,n/a / n/d,n/a / n/d,n/a / n/d,n/a / n/d,n/a / n/d
327,2023-06 ,whole cannabis plants / plantes de cannabis entières,1227466,2015086,n/a / n/d,n/a / n/d,n/a / n/d,n/a / n/d,n/a / n/d,n/a / n/d,n/a / n/d,n/a / n/d,n/a / n/d,n/a / n/d,n/a / n/d,n/a / n/d
